Molocule,Wave_Number,Intensity ,A,gamma_air,gamma self,E'',n-air,delta - air,J',"J"""
12CH4,1244.0028,6.42E-27,0.000414,0.056,0.078,1630.6104,0.73,-0.002,7,7
12CH4,1244.00891,3.29E-25,0.01562,0.058,0.078,1462.7076,0.75,-0.002,4,5
12CH4,1244.02869,4.18E-27,0.0001461,0.064,0.077,1558.8097,0.72,-0.002,6,6
12CH4,1244.049,1.57E-23,0.9658,0.058,0.074,1729.8086,0.67,-0.002,8,9
12CH4,1244.07541,3.13E-23,1.155,0.058,0.074,1729.8895,0.67,-0.002,8,9
12CH4,1244.08734,1.18E-23,1.086,0.052,0.074,1729.7614,0.67,-0.002,8,9
12CH4,1244.10866,4.85E-26,0.01726,0.054,0.073,2114.1523,0.67,-0.002,9,10
12CH4,1244.148,3.20E-25,6.119,0.06,0.076,2961.1489,0.7,-0.002,6,7
12CH4,1244.15011,4.08E-25,0.09787,0.058,0.074,2009.9767,0.67,-0.002,8,9
12CH4,1244.15685,1.46E-26,0.004729,0.054,0.073,2115.2581,0.67,-0.002,10,10
12CH4,1244.18809,2.68E-27,0.005412,0.047,0.065,2558.2781,0.65,-0.002,14,15
12CH4,1244.19695,7.33E-27,0.0002139,0.064,0.077,1521.4689,0.72,-0.002,6,6
12CH4,1244.22184,1.27E-26,0.0003985,0.066,0.078,1460.5062,0.75,-0.002,4,5
12CH4,1244.285,8.00E-27,1.616,0.055,0.058,3577.0974,0.63,-0.002,20,20
12CH4,1244.2865,8.02E-27,1.62,0.055,0.058,3577.0974,0.63,-0.002,20,20
12CH4,1244.28727,2.63E-23,1.926,0.058,0.074,1766.0465,0.67,-0.002,8,9
12CH4,1244.296,7.86E-27,1.533,0.041,0.055,3622.5171,0.57,-0.002,26,26
12CH4,1244.296,7.86E-27,1.533,0.041,0.055,3622.5166,0.57,-0.002,26,26
12CH4,1244.30883,1.70E-25,0.02737,0.045,0.073,1867.6289,0.67,-0.002,9,10
12CH4,1244.3164,2.47E-24,0.1518,0.058,0.074,1729.8086,0.67,-0.002,8,9
12CH4,1244.4031,1.13E-25,0.01444,0.054,0.073,1923.4122,0.67,-0.002,10,10
12CH4,1244.41718,7.38E-26,0.01432,0.053,0.073,2115.1497,0.67,-0.002,10,10
12CH4,1244.43503,2.01E-26,0.03362,0.051,0.067,2489.0051,0.65,-0.002,12,13
12CH4,1244.44,1.32E-28,1.462,0.041,0.055,4475.8101,0.57,-0.002,29,29
12CH4,1244.443,1.32E-28,1.461,0.041,0.055,4475.8071,0.57,-0.002,29,29
12CH4,1244.46545,5.75E-26,0.06537,0.044,0.065,2558.9021,0.65,-0.002,15,15
12CH4,1244.484,2.35E-25,2.971,0.06,0.076,2875.793,0.7,-0.002,6,7
12CH4,1244.49405,2.62E-23,1.915,0.058,0.074,1765.9297,0.67,-0.002,8,9
12CH4,1244.49813,2.21E-25,0.007007,0.066,0.078,1463.043,0.75,-0.002,4,5
12CH4,1244.53176,1.05E-26,0.005107,0.045,0.073,2115.3064,0.67,-0.002,10,10
12CH4,1244.55022,3.88E-27,0.0003224,0.058,0.074,1919.6833,0.67,-0.002,9,8
12CH4,1244.59,1.49E-30,8.54E-05,0.041,0.055,3362.2373,0.57,-0.002,25,25
12CH4,1244.65539,1.05E-26,0.003398,0.054,0.073,2115.2581,0.67,-0.002,10,10
12CH4,1244.65607,5.94E-26,0.007327,0.054,0.07,1935.417,0.65,-0.002,11,11
12CH4,1244.66692,2.87E-27,0.0002988,0.054,0.073,1881.548,0.67,-0.002,10,10
12CH4,1244.6719,4.20E-27,0.007034,0.051,0.067,2489.0046,0.65,-0.002,12,13
12CH4,1244.69025,6.75E-24,0.4123,0.058,0.074,1728.5957,0.67,-0.002,8,9
12CH4,1244.79569,2.61E-25,0.009352,0.066,0.078,1488.3091,0.75,-0.002,4,5
12CH4,1244.8006,1.17E-27,0.001959,0.051,0.067,2489.0051,0.65,-0.002,12,13
12CH4,1244.855,2.07E-27,0.04162,0.049,0.06,3081.0913,0.63,-0.002,18,18
12CH4,1244.879,1.90E-25,6.09,0.06,0.076,2962.3078,0.7,-0.002,6,7
12CH4,1244.88823,2.98E-27,0.0001043,0.064,0.077,1558.5002,0.72,-0.002,6,6
12CH4,1244.8998,5.05E-26,0.001506,0.066,0.078,1491.3219,0.75,-0.002,5,5
12CH4,1244.90844,1.01E-25,0.0109,0.054,0.073,1867.663,0.67,-0.002,9,10
12CH4,1244.932,3.80E-25,3.979,0.061,0.077,2802.3071,0.7,-0.002,5,6
12CH4,1244.93524,1.47E-27,0.000489,0.052,0.074,2016.1746,0.67,-0.002,9,9
12CH4,1244.9902,1.19E-27,0.003152,0.047,0.065,2613.6404,0.65,-0.002,14,15
12CH4,1245.02381,4.41E-26,0.008157,0.045,0.07,1935.272,0.65,-0.002,11,11
12CH4,1245.02856,7.90E-27,0.002547,0.054,0.073,2114.0896,0.67,-0.002,10,10
12CH4,1245.05624,1.04E-22,4.069,0.058,0.075,1716.0927,0.72,-0.002,7,8
12CH4,1245.091,3.90E-25,0.0001132,0.053,0.068,690.0176,0.64,0,11,11
12CH4,1245.13328,1.22E-27,0.0001522,0.054,0.07,1938.2347,0.65,-0.002,11,11
12CH4,1245.16946,9.41E-27,0.0004119,0.056,0.077,1521.2845,0.72,-0.002,6,6
12CH4,1245.18403,1.72E-24,0.4099,0.058,0.074,2008.943,0.67,-0.002,8,9
12CH4,1245.22,2.48E-20,2.013,0.058,0.076,470.8729,0.9,-0.0023,8,9
12CH4,1245.232,2.51E-24,0.0007273,0.053,0.068,689.8769,0.64,0,11,11
12CH4,1245.232,3.86E-24,0.001679,0.041,0.068,690.0397,0.64,0,11,11
12CH4,1245.23417,4.65E-25,0.1119,0.058,0.074,2010.3708,0.67,-0.002,8,9
12CH4,1245.26272,1.03E-26,0.003316,0.054,0.073,2114.1523,0.67,-0.002,10,10
12CH4,1245.29197,1.09E-26,0.00234,0.058,0.074,2010.3708,0.67,-0.002,9,9
12CH4,1245.3239,1.11E-25,0.01025,0.052,0.074,1729.7614,0.67,-0.002,8,9
12CH4,1245.32743,1.32E-26,0.004687,0.054,0.073,2114.0896,0.67,-0.002,9,10
12CH4,1245.34026,3.71E-26,0.00764,0.054,0.07,2040.54,0.65,-0.002,11,11
12CH4,1245.368,1.52E-24,0.0004407,0.053,0.068,690.0494,0.64,0,11,11
12CH4,1245.37786,1.98E-24,0.7134,0.052,0.074,2010.3134,0.67,-0.002,8,9
12CH4,1245.386,3.80E-24,0.001653,0.041,0.068,689.8863,0.64,0,11,11
12CH4,1245.401,7.95E-25,0.0002303,0.053,0.068,689.7077,0.64,0,11,11
12CH4,1245.405,8.98E-24,1.902,0.053,0.073,2112.1445,0.67,-0.002,9,10
12CH4,1245.41782,5.58E-25,0.05464,0.066,0.078,1694.6317,0.75,-0.002,4,5
12CH4,1245.42475,3.91E-26,0.01262,0.052,0.074,2010.3134,0.67,-0.002,9,9
12CH4,1245.46,1.31E-23,0.003805,0.053,0.068,689.9568,0.64,0,11,11
12CH4,1245.50263,1.55E-26,0.007438,0.045,0.073,2112.1343,0.67,-0.002,10,10
12CH4,1245.52682,4.14E-24,1.462,0.054,0.073,2112.1377,0.67,-0.002,9,10
12CH4,1245.54824,4.70E-27,0.0004853,0.054,0.073,1879.8893,0.67,-0.002,10,10
12CH4,1245.54936,3.40E-27,0.0006852,0.054,0.07,2035.9758,0.65,-0.002,11,11
12CH4,1245.64509,1.07E-27,0.0003465,0.054,0.073,2115.2581,0.67,-0.002,10,10
12CH4,1245.662,1.01E-25,1.87,0.066,0.079,2651.189,0.73,-0.002,2,3
12CH4,1245.66752,5.06E-25,0.03089,0.058,0.074,1728.1902,0.67,-0.002,8,9
12CH4,1245.67352,6.21E-23,4.06,0.058,0.075,1716.6343,0.72,-0.002,7,8
12CH4,1245.68272,1.85E-26,0.005922,0.054,0.073,2112.1377,0.67,-0.002,10,10
12CH4,1245.712,1.54E-25,4.45E-05,0.053,0.068,689.7054,0.64,0,11,11
12CH4,1245.71451,7.60E-24,1.826,0.058,0.074,2009.8906,0.67,-0.002,8,9
12CH4,1245.721,1.88E-25,6.076,0.06,0.076,2963.7245,0.7,-0.002,6,7
12CH4,1245.7397,3.72E-26,0.07052,0.047,0.065,2558.2781,0.65,-0.002,15,15
12CH4,1245.769,1.49E-20,2.013,0.0586,0.076,470.8651,0.95,-0.0029,8,9
12CH4,1245.77231,2.16E-25,0.04634,0.058,0.074,2009.8906,0.67,-0.002,9,9
12CH4,1245.83579,1.85E-26,0.003983,0.058,0.074,2009.9767,0.67,-0.002,9,9
12CH4,1245.85329,2.57E-24,1.363,0.045,0.073,2112.1343,0.67,-0.002,9,10
12CH4,1245.87285,3.92E-25,0.02177,0.058,0.075,1682.8883,0.72,-0.002,7,8
12CH4,1245.88784,7.11E-24,1.221,0.058,0.075,1915.0406,0.72,-0.002,7,8
12CH4,1245.914,3.01E-24,0.0004073,0.056,0.073,470.7203,0.65,0,8,9
12CH4,1245.91755,2.51E-25,0.02433,0.066,0.078,1692.6132,0.75,-0.002,4,5
12CH4,1245.93472,3.34E-24,0.2038,0.058,0.074,1728.1902,0.67,-0.002,8,9
12CH4,1245.956,1.12E-25,3.078,0.06,0.076,2930.3185,0.7,-0.002,6,7
12CH4,1246.00393,9.73E-27,0.0008905,0.052,0.074,1727.8448,0.67,-0.002,8,9
12CH4,1246.016,1.32E-29,8.37E-06,0.045,0.057,2400.2175,0.58,0,21,21
12CH4,1246.02388,6.64E-27,0.003792,0.054,0.07,2231.551,0.65,-0.002,10,11
12CH4,1246.032,1.44E-29,9.10E-06,0.045,0.057,2400.2019,0.58,0,21,21
12CH4,1246.049,1.76E-25,3.101,0.066,0.079,2641.2095,0.73,-0.002,2,3
12CH4,1246.06007,3.42E-27,0.0003469,0.054,0.073,1875.6461,0.67,-0.002,10,10
12CH4,1246.08149,1.21E-27,0.0001048,0.058,0.074,1822.8956,0.67,-0.002,9,9
12CH4,1246.11755,1.50E-26,0.0003118,0.061,0.077,1556.4817,0.72,-0.002,6,6
12CH4,1246.1379,2.17E-26,1.701,0.055,0.058,3381.3159,0.63,-0.002,20,20
12CH4,1246.138,2.17E-26,1.701,0.055,0.058,3381.3159,0.63,-0.002,20,20
12CH4,1246.1459,2.86E-27,0.007826,0.047,0.065,2620.3013,0.65,-0.002,14,15
12CH4,1246.1633,1.27E-26,0.001027,0.054,0.073,1828.8268,0.67,-0.002,10,10
12CH4,1246.16796,3.30E-23,1.003,0.064,0.077,1494.9482,0.72,-0.002,5,6
12CH4,1246.18463,2.13E-27,0.00106,0.044,0.065,2374.926,0.65,-0.002,14,14
12CH4,1246.18872,6.84E-27,0.00164,0.045,0.07,1988.3239,0.65,-0.002,11,11
12CH4,1246.202,1.57E-24,1.671,0.044,0.057,2620.9673,0.58,0,22,22
12CH4,1246.202,9.44E-25,1.671,0.044,0.057,2620.9673,0.58,0,22,22
12CH4,1246.202,6.29E-25,1.671,0.044,0.057,2620.9673,0.58,0,22,22
12CH4,1246.2047,1.51E-23,1.591,0.058,0.075,1919.6833,0.72,-0.002,7,8
12CH4,1246.22206,1.38E-27,0.001941,0.047,0.065,2468.8318,0.65,-0.002,13,14
12CH4,1246.2297,3.46E-27,0.0006965,0.054,0.07,2035.322,0.65,-0.002,11,11
12CH4,1246.303,1.09E-24,0.0003175,0.053,0.068,690.0494,0.64,0,11,11
12CH4,1246.31733,6.99E-24,1.802,0.052,0.075,1915.1595,0.72,-0.002,7,8
12CH4,1246.3183,1.54E-27,0.04642,0.028,0.06,3080.4067,0.63,-0.002,18,18
12CH4,1246.395,2.32E-23,0.006729,0.053,0.068,689.9568,0.64,0,11,11
12CH4,1246.40776,7.81E-26,0.04456,0.054,0.07,2231.095,0.65,-0.002,10,11
12CH4,1246.41692,6.17E-23,4.058,0.058,0.075,1717.3075,0.72,-0.002,7,8
12CH4,1246.44132,2.41E-23,0.7327,0.064,0.077,1494.9482,0.72,-0.002,5,6
12CH4,1246.446,3.47E-25,3.649,0.061,0.077,2802.5992,0.7,-0.002,5,6
12CH4,1246.453,1.48E-20,2.011,0.0592,0.077,470.855,0.9,-0.0026,8,9
12CH4,1246.47994,6.10E-23,1.853,0.064,0.077,1494.7229,0.72,-0.002,5,6
12CH4,1246.49923,2.34E-27,0.006069,0.047,0.065,2609.1831,0.65,-0.002,14,15
12CH4,1246.502,2.81E-23,0.003804,0.056,0.073,470.8053,0.65,0,8,9
12CH4,1246.50707,9.58E-27,0.002971,0.045,0.07,2041.075,0.65,-0.002,11,11
12CH4,1246.514,1.64E-23,0.004758,0.053,0.068,690.0176,0.64,0,11,11
12CH4,1246.57322,3.84E-25,0.01518,0.066,0.083,1386.3905,0.8,-0.002,2,3
12CH4,1246.57922,4.40E-26,0.008452,0.053,0.073,2112.1445,0.67,-0.002,10,10
12CH4,1246.591,3.00E-24,0.000407,0.056,0.073,470.717,0.65,0,8,9
12CH4,1246.636,2.02E-25,3.534,0.061,0.077,2802.5615,0.7,-0.002,5,6
12CH4,1246.647,1.57E-25,4.57E-05,0.053,0.068,689.7054,0.64,0,11,11
12CH4,1246.654,2.51E-24,0.0007284,0.053,0.068,689.8769,0.64,0,11,11
12CH4,1246.6594,1.57E-26,0.003043,0.045,0.073,1925.9155,0.67,-0.002,10,10
12CH4,1246.66528,9.88E-24,1.702,0.058,0.075,1915.3805,0.72,-0.002,7,8
12CH4,1246.70075,1.75E-25,0.01628,0.058,0.075,1919.9917,0.72,-0.002,8,8
12CH4,1246.73485,3.46E-26,0.00538,0.058,0.075,1919.9879,0.72,-0.002,8,8
12CH4,1246.73488,1.01E-24,0.05933,0.063,0.078,1694.5059,0.75,-0.002,4,5
12CH4,1246.73539,4.18E-24,0.7163,0.058,0.075,1914.1934,0.72,-0.002,7,8
12CH4,1246.75096,1.25E-25,0.04035,0.054,0.073,2114.1523,0.67,-0.002,10,10
12CH4,1246.758,9.10E-30,5.75E-06,0.045,0.057,2399.4756,0.59,-0.002,21,21
12CH4,1246.76075,3.27E-24,1.173,0.052,0.074,2008.9305,0.67,-0.002,8,9
12CH4,1246.77127,4.84E-27,0.0004495,0.058,0.074,1813.9717,0.67,-0.002,8,9
12CH4,1246.78121,6.89E-26,0.03927,0.054,0.07,2230.7937,0.65,-0.002,10,11
12CH4,1246.78163,1.35E-25,0.04363,0.054,0.073,2114.0896,0.67,-0.002,10,10
12CH4,1246.80491,1.65E-25,0.01592,0.066,0.078,1691.726,0.75,-0.002,4,5
12CH4,1246.80763,7.91E-26,0.02542,0.052,0.074,2008.9305,0.67,-0.002,9,9
12CH4,1246.824,1.15E-25,3.35E-05,0.053,0.068,689.7077,0.64,0,11,11
12CH4,1246.83677,3.25E-25,0.04044,0.054,0.07,1936.5312,0.65,-0.002,11,11
12CH4,1246.83976,5.15E-27,0.0002681,0.058,0.074,1822.7607,0.67,-0.002,9,9
12CH4,1246.86971,8.46E-26,0.01812,0.058,0.074,2008.943,0.67,-0.002,9,9
12CH4,1246.92648,1.79E-24,0.4257,0.058,0.074,2007.2007,0.67,-0.002,8,9
12CH4,1246.94751,1.61E-25,0.01572,0.066,0.078,1693.1021,0.75,-0.002,4,5
12CH4,1246.963,3.26E-28,0.000206,0.045,0.057,2399.2703,0.58,0,21,21
12CH4,1246.96697,8.49E-26,0.01318,0.058,0.075,1919.7559,0.72,-0.002,8,8
12CH4,1246.9807,6.21E-27,0.001988,0.054,0.073,2112.1377,0.67,-0.002,10,10
12CH4,1247.01726,3.04E-23,0.9225,0.064,0.077,1494.0989,0.72,-0.002,5,6
12CH4,1247.0229,1.52E-27,0.07253,0.039,0.06,3351.7617,0.63,-0.002,17,18
12CH4,1247.02762,1.34E-25,0.02085,0.058,0.075,1919.7257,0.72,-0.002,8,8
12CH4,1247.036,1.32E-25,2.103,0.063,0.077,2741.3894,0.72,-0.002,4,5
12CH4,1247.04246,1.90E-27,0.0001533,0.054,0.073,1828.8892,0.67,-0.002,10,10
12CH4,1247.06754,1.10E-24,0.2647,0.058,0.074,2009.9767,0.67,-0.002,8,9
12CH4,1247.078,2.98E-30,5.20E-05,0.042,0.056,3109.2908,0.57,-0.002,24,24
12CH4,1247.09,3.12E-30,5.45E-05,0.042,0.056,3109.2788,0.57,-0.002,24,24
12CH4,1247.10053,2.49E-25,0.02323,0.058,0.075,1919.6833,0.72,-0.002,8,8
12CH4,1247.10695,1.05E-25,0.01329,0.054,0.073,1920.3066,0.67,-0.002,10,10
12CH4,1247.12,2.27E-25,6.443,0.058,0.074,3070.3576,0.69,-0.002,7,8
12CH4,1247.15477,2.63E-25,0.03268,0.054,0.07,1936.3521,0.65,-0.002,11,11
12CH4,1247.16846,8.95E-27,0.0003093,0.064,0.077,1555.3929,0.72,-0.002,6,6
12CH4,1247.23567,1.79E-27,0.0003648,0.052,0.074,1915.1595,0.67,-0.002,9,8
12CH4,1247.238,1.36E-25,6.451,0.058,0.074,3070.6168,0.69,-0.002,7,8
12CH4,1247.24049,1.24E-24,0.1134,0.052,0.074,1727.8448,0.67,-0.002,8,9
12CH4,1247.255,4.26E-28,0.0002687,0.045,0.057,2398.9785,0.58,0,21,21
12CH4,1247.27957,2.26E-25,0.07993,0.054,0.073,2112.1377,0.67,-0.002,9,10
12CH4,1247.28323,4.08E-26,0.07712,0.047,0.065,2557.4878,0.65,-0.002,15,15
12CH4,1247.29061,3.83E-23,1.162,0.064,0.077,1494.0989,0.72,-0.002,5,6
12CH4,1247.30871,5.68E-26,0.00168,0.066,0.078,1488.913,0.75,-0.002,5,5
12CH4,1247.319,3.10E-25,6.125,0.06,0.076,2966.5155,0.7,-0.002,6,7
12CH4,1247.3357,8.74E-27,0.001135,0.054,0.073,1926.3031,0.67,-0.002,10,10
12CH4,1247.40992,1.23E-27,8.56E-05,0.058,0.074,1776.6909,0.67,-0.002,9,9
12CH4,1247.41616,8.22E-27,0.001775,0.058,0.074,2010.3708,0.67,-0.002,9,9
12CH4,1247.4251,1.04E-27,0.004432,0.047,0.063,2724.7734,0.63,-0.002,15,16
12CH4,1247.431,3.21E-23,1.787,0.058,0.075,1682.8883,0.72,-0.002,7,8
12CH4,1247.44728,4.28E-23,1.946,0.056,0.077,1494.1963,0.72,-0.002,5,6
12CH4,1247.468,4.21E-30,0.003133,0.041,0.055,3904.708,0.57,-0.002,27,27
12CH4,1247.4734,3.14E-25,0.02671,0.058,0.074,1818.5219,0.67,-0.002,9,9
12CH4,1247.536,1.04E-25,2.376,0.06,0.076,2892.0541,0.7,-0.002,6,7
12CH4,1247.59684,7.33E-23,4.268,0.058,0.074,1822.7607,0.67,-0.002,8,9
12CH4,1247.59804,1.23E-26,0.002468,0.054,0.07,2035.322,0.65,-0.002,11,11
12CH4,1247.60801,2.63E-27,0.006806,0.047,0.065,2608.0437,0.65,-0.002,14,15
12CH4,1247.61,8.10E-25,0.0001635,0.053,0.07,575.2854,0.64,0,9,10
12CH4,1247.62437,4.07E-26,0.00396,0.066,0.079,1640.9312,0.8,-0.002,3,4
12CH4,1247.62939,9.14E-26,0.00287,0.066,0.078,1459.9117,0.75,-0.002,4,5
12CH4,1247.6317,2.92E-26,0.006291,0.058,0.074,2009.9767,0.67,-0.002,9,9
12CH4,1247.63901,7.01E-24,1.235,0.058,0.075,1919.7257,0.72,-0.002,7,8
12CH4,1247.6427,6.06E-27,0.0009698,0.054,0.07,1988.0826,0.65,-0.002,11,11
12CH4,1247.643,1.05E-25,2.889,0.06,0.076,2928.6606,0.7,-0.002,6,7
12CH4,1247.667,2.01E-29,1.27E-05,0.045,0.057,2398.5671,0.58,0,21,21
12CH4,1247.66776,1.64E-27,0.000126,0.056,0.078,1636.261,0.73,-0.002,6,7
12CH4,1247.684,1.08E-24,0.0003268,0.041,0.07,575.2719,0.64,0,9,10
12CH4,1247.6871,6.59E-27,0.745,0.028,0.06,3351.8279,0.63,-0.002,18,18
12CH4,1247.6971,1.50E-24,0.09165,0.058,0.074,1727.7432,0.67,-0.002,8,9
12CH4,1247.70272,2.16E-23,1.801,0.052,0.075,1682.4725,0.72,-0.002,7,8
12CH4,1247.7043,1.23E-27,0.0005916,0.045,0.073,2112.1343,0.67,-0.002,10,10
12CH4,1247.705,1.74E-20,2.111,0.0487,0.069,575.0557,0.79,-0.0018,9,10
12CH4,1247.7107,1.91E-26,0.00162,0.058,0.074,1817.8431,0.67,-0.002,9,9
12CH4,1247.7111,1.47E-27,0.00171,0.047,0.065,2444.0972,0.65,-0.002,14,14
12CH4,1247.72115,4.40E-23,4.272,0.058,0.074,1822.8956,0.67,-0.002,8,9
12CH4,1247.7252,9.98E-27,0.7516,0.049,0.06,3351.8047,0.63,-0.002,18,18
12CH4,1247.726,1.01E-24,0.000203,0.053,0.07,575.1701,0.64,0,9,10
12CH4,1247.74786,1.36E-27,0.005268,0.047,0.063,2717.9998,0.63,-0.002,16,16
12CH4,1247.75015,4.29E-25,0.1035,0.058,0.074,2010.3708,0.67,-0.002,8,9
12CH4,1247.7512,1.50E-27,0.0002037,0.058,0.074,1915.3805,0.67,-0.002,9,8
12CH4,1247.77724,2.93E-23,4.275,0.052,0.074,1822.9563,0.67,-0.002,8,9
12CH4,1247.7988,1.70E-26,0.766,0.039,0.06,3351.7617,0.63,-0.002,18,18
12CH4,1247.80872,2.58E-26,0.003108,0.045,0.073,1827.3962,0.67,-0.002,10,10
12CH4,1247.8122,1.49E-26,0.0007712,0.056,0.077,1554.8201,0.72,-0.002,6,6
12CH4,1247.823,2.49E-20,2.031,0.0575,0.077,470.831,0.84,-0.0059,8,9
12CH4,1247.84289,8.18E-24,2.034,0.058,0.074,2016.3596,0.67,-0.002,8,9
12CH4,1247.843,1.05E-20,2.112,0.0452,0.069,575.0526,0.93,-0.0032,9,10
12CH4,1247.86141,1.03E-22,4.09,0.058,0.075,1718.6541,0.72,-0.002,7,8
12CH4,1247.8775,4.10E-25,0.01464,0.066,0.079,1434.5977,0.8,-0.002,3,4
12CH4,1247.8965,1.89E-26,0.004076,0.058,0.074,2009.8906,0.67,-0.002,9,9
12CH4,1247.90073,3.32E-23,1.831,0.058,0.075,1680.7599,0.72,-0.002,7,8
12CH4,1247.90246,2.01E-27,0.001177,0.044,0.065,2393.3418,0.65,-0.002,13,14
12CH4,1247.905,6.99E-21,2.114,0.045,0.065,575.0513,0.83,-0.0036,9,10
12CH4,1247.90519,4.79E-25,0.0821,0.058,0.075,1914.1407,0.72,-0.002,7,8
12CH4,1247.92687,4.71E-27,0.0011,0.052,0.075,1919.9862,0.72,-0.002,8,8
12CH4,1247.98056,1.32E-27,0.0001069,0.054,0.073,1828.8268,0.67,-0.002,10,10
12CH4,1247.9954,1.14E-26,0.0003932,0.064,0.077,1555.3929,0.72,-0.002,6,6
12CH4,1248.0158,6.37E-27,0.7369,0.028,0.059,3367.5359,0.63,-0.002,19,19
12CH4,1248.05111,4.73E-25,0.1175,0.058,0.074,2016.1512,0.67,-0.002,8,9
12CH4,1248.0533,8.10E-27,0.6255,0.0485,0.059,3367.5359,0.63,-0.002,19,19
12CH4,1248.06696,3.67E-26,0.00648,0.058,0.075,1919.9879,0.72,-0.002,7,8
12CH4,1248.06893,4.93E-25,0.05225,0.058,0.075,1919.9917,0.72,-0.002,7,8
12CH4,1248.072,1.05E-25,2.754,0.061,0.077,2802.6323,0.7,-0.002,5,6
12CH4,1248.08377,8.65E-24,2.152,0.058,0.074,2016.3228,0.67,-0.002,8,9
12CH4,1248.08991,2.28E-26,0.002824,0.054,0.07,1935.417,0.65,-0.002,11,11
12CH4,1248.10146,4.96E-24,1.191,0.058,0.074,2008.943,0.67,-0.002,8,9
12CH4,1248.12865,1.17E-27,0.0001818,0.058,0.075,1919.7257,0.72,-0.002,8,8
12CH4,1248.21192,2.67E-25,0.02263,0.058,0.074,1817.8431,0.67,-0.002,9,9
12CH4,1248.214,8.27E-25,0.0003617,0.041,0.068,690.0397,0.64,0,11,11
12CH4,1248.217,1.51E-24,0.0004391,0.053,0.068,690.0176,0.64,0,11,11
12CH4,1248.23049,1.41E-25,0.03388,0.058,0.074,2009.8906,0.67,-0.002,8,9
12CH4,1248.26042,8.71E-27,0.0011,0.054,0.073,1920.3066,0.67,-0.002,10,10
12CH4,1248.263,2.27E-30,3.96E-05,0.042,0.056,3108.1062,0.57,-0.002,24,24
12CH4,1248.27956,1.42E-23,2.044,0.058,0.074,2008.9677,0.67,-0.002,8,9
12CH4,1248.28037,5.18E-26,0.01289,0.058,0.074,2016.126,0.67,-0.002,8,9
12CH4,1248.29908,2.21E-24,0.3891,0.058,0.075,1919.7559,0.72,-0.002,7,8
12CH4,1248.3117,6.05E-26,0.007755,0.054,0.073,1923.4122,0.67,-0.002,10,10
12CH4,1248.331,1.01E-22,0.01763,0.0543,0.06,689.8623,1.04,-0.002,11,11
12CH4,1248.358,5.35E-23,0.01559,0.0629,0.068,689.8769,1.28,-0.002,11,11
12CH4,1248.368,3.43E-23,0.01501,0.041,0.068,689.8863,0.64,0,11,11
12CH4,1248.3808,1.64E-24,0.09801,0.061,0.083,1387.4005,0.8,-0.002,2,3
12CH4,1248.38492,4.17E-27,0.0006498,0.058,0.075,1919.9879,0.72,-0.002,8,8
12CH4,1248.39805,5.54E-26,0.01319,0.058,0.074,2007.2073,0.67,-0.002,8,9
12CH4,1248.40005,1.49E-25,0.01448,0.066,0.078,1691.6497,0.75,-0.002,4,5
12CH4,1248.404,1.40E-30,8.77E-07,0.045,0.057,2397.8298,0.59,-0.002,21,21
12CH4,1248.426,1.25E-30,7.88E-07,0.045,0.057,2397.8074,0.59,-0.002,21,21
12CH4,1248.436,7.51E-30,0.005569,0.041,0.055,3903.7407,0.57,-0.002,27,27
12CH4,1248.4427,3.76E-26,1.744,0.039,0.059,3367.5361,0.63,-0.002,19,19
12CH4,1248.45586,1.67E-27,0.0003564,0.058,0.074,2007.2073,0.67,-0.002,9,9
12CH4,1248.464,6.01E-29,0.001045,0.042,0.056,3107.9043,0.57,-0.002,24,24
12CH4,1248.47638,2.41E-25,0.01774,0.058,0.074,1765.9297,0.67,-0.002,8,9
12CH4,1248.49058,3.18E-25,0.04101,0.058,0.074,2008.9677,0.67,-0.002,9,9
12CH4,1248.5226,3.23E-26,0.03129,0.051,0.068,2357.9048,0.65,-0.002,11,12
12CH4,1248.527,9.63E-26,2.81E-05,0.053,0.068,689.7077,0.64,0,11,11
12CH4,1248.61217,2.73E-26,0.005822,0.058,0.074,2007.2007,0.67,-0.002,9,9
12CH4,1248.61253,2.33E-24,0.06562,0.066,0.078,1437.3214,0.75,-0.002,4,5
12CH4,1248.61705,4.78E-27,0.0007435,0.058,0.075,1919.7559,0.72,-0.002,8,8
12CH4,1248.63952,8.70E-26,0.006999,0.054,0.073,1827.2921,0.67,-0.002,10,10
12CH4,1248.65207,1.51E-26,0.001212,0.054,0.073,1826.338,0.67,-0.002,10,10
12CH4,1248.65961,2.28E-25,0.05505,0.058,0.074,2010.3708,0.67,-0.002,8,9
12CH4,1248.66562,6.09E-26,0.01309,0.058,0.074,2008.943,0.67,-0.002,9,9
12CH4,1248.67428,6.79E-25,0.06586,0.066,0.079,1639.8813,0.8,-0.002,3,4
12CH4,1248.6849,1.44E-26,1.116,0.0485,0.059,3367.5359,0.63,-0.002,19,19
12CH4,1248.6868,1.11E-26,0.01073,0.051,0.068,2357.7405,0.65,-0.002,11,12
12CH4,1248.741,1.29E-25,1.773,0.06,0.076,2891.231,0.7,-0.002,6,7
12CH4,1248.747,2.07E-24,0.0001154,0.065,0.078,104.78,0.72,0,3,4
12CH4,1248.75595,1.05E-27,0.0006194,0.047,0.065,2303.8147,0.65,-0.002,14,13
12CH4,1248.788,4.63E-26,1.568,0.041,0.055,3358.0386,0.57,-0.002,25,25
12CH4,1248.789,2.78E-26,1.568,0.041,0.055,3358.0376,0.57,-0.002,25,25
12CH4,1248.789,1.85E-26,1.568,0.041,0.055,3358.0374,0.57,-0.002,25,25
12CH4,1248.7931,8.68E-27,1.006,0.028,0.059,3367.5359,0.63,-0.002,19,19
12CH4,1248.80586,5.17E-27,0.001116,0.058,0.074,2009.8906,0.67,-0.002,9,9
12CH4,1248.80729,4.36E-27,0.00673,0.044,0.065,2606.8188,0.65,-0.002,14,15
12CH4,1248.80987,5.68E-25,0.1453,0.052,0.075,1912.6674,0.72,-0.002,7,8
12CH4,1248.82,5.74E-24,0.0004797,0.056,0.078,104.776,0.72,0,3,4
12CH4,1248.8381,2.74E-26,0.02652,0.051,0.068,2357.6304,0.65,-0.002,11,12
12CH4,1248.84855,5.37E-27,0.0001849,0.064,0.077,1553.9897,0.72,-0.002,6,6
12CH4,1248.8625,1.24E-27,0.5172,0.055,0.058,3725.2991,0.63,-0.002,20,20
12CH4,1248.8643,2.06E-27,0.5169,0.055,0.058,3725.2986,0.63,-0.002,20,20
12CH4,1248.90407,1.37E-27,8.26E-05,0.058,0.075,1724.382,0.72,-0.002,8,8
12CH4,1248.922,8.99E-28,1.5,0.041,0.055,4182.6172,0.57,-0.002,28,28
12CH4,1248.926,5.39E-28,1.498,0.041,0.055,4182.6128,0.57,-0.002,28,28
12CH4,1248.928,3.59E-28,1.498,0.041,0.055,4182.6108,0.57,-0.002,28,28
12CH4,1248.93991,1.37E-25,0.03299,0.058,0.074,2009.9767,0.67,-0.002,8,9
12CH4,1248.96163,2.97E-27,0.02582,0.047,0.061,2895.4758,0.63,-0.002,17,17
12CH4,1248.9735,8.46E-27,0.001062,0.054,0.073,1918.8419,0.67,-0.002,10,10
12CH4,1249.019,9.07E-29,0.001576,0.042,0.056,3107.3494,0.57,-0.002,24,24
12CH4,1249.03362,1.01E-26,0.0006978,0.058,0.074,1775.9617,0.67,-0.002,9,9
12CH4,1249.0777,8.68E-26,0.01534,0.058,0.075,1919.9879,0.72,-0.002,7,8
12CH4,1249.10319,4.72E-25,0.17,0.052,0.074,2008.9305,0.67,-0.002,8,9
12CH4,1249.13994,6.62E-26,0.01599,0.058,0.074,2009.8906,0.67,-0.002,8,9
12CH4,1249.145,1.83E-25,6.146,0.06,0.076,2970.0798,0.7,-0.002,6,7
12CH4,1249.1515,2.54E-27,0.2918,0.039,0.059,3554.3062,0.63,-0.002,19,19
12CH4,1249.165,1.32E-25,2.331,0.061,0.077,2802.8383,0.7,-0.002,5,6
12CH4,1249.19818,3.33E-23,1.832,0.058,0.075,1679.5629,0.72,-0.002,7,8
12CH4,1249.239,1.06E-26,1.699,0.0485,0.059,3518.5085,0.63,-0.002,19,19
12CH4,1249.2399,1.05E-26,1.698,0.0485,0.059,3518.5083,0.63,-0.002,19,19
12CH4,1249.24797,8.32E-27,0.00157,0.045,0.073,1919.3365,0.67,-0.002,10,10
12CH4,1249.25916,3.54E-27,0.03072,0.047,0.061,2895.4758,0.63,-0.002,17,17
12CH4,1249.267,1.15E-25,3.156,0.06,0.076,2928.7611,0.7,-0.002,6,7
12CH4,1249.2897,5.59E-27,0.0003372,0.058,0.075,1724.5681,0.72,-0.002,8,8
12CH4,1249.303,3.34E-24,0.5903,0.058,0.075,1919.7257,0.72,-0.002,7,8
12CH4,1249.3067,9.59E-24,1.694,0.058,0.075,1919.7559,0.72,-0.002,7,8
12CH4,1249.31481,1.64E-27,0.002606,0.044,0.065,2612.5356,0.65,-0.002,14,15
12CH4,1249.33656,2.52E-27,0.0005466,0.058,0.074,2010.3708,0.67,-0.002,9,9
12CH4,1249.34439,4.42E-27,0.001526,0.051,0.068,2162.4832,0.65,-0.002,12,12
12CH4,1249.37911,7.84E-25,0.1339,0.058,0.075,1912.6669,0.72,-0.002,7,8
12CH4,1249.43732,1.04E-25,0.008326,0.054,0.073,1826.4943,0.67,-0.002,10,10
12CH4,1249.44444,1.19E-27,0.0004283,0.044,0.065,2307.7061,0.65,-0.002,14,13
12CH4,1249.485,7.68E-30,0.0001331,0.042,0.056,3106.884,0.57,-0.002,24,24
12CH4,1249.51894,2.89E-26,0.001243,0.064,0.078,1599.2841,0.73,-0.002,6,7
12CH4,1249.527,1.22E-25,6.165,0.06,0.076,2970.8163,0.7,-0.002,6,7
12CH4,1249.53499,8.04E-27,0.0003923,0.058,0.075,1680.7599,0.72,-0.002,8,8
12CH4,1249.56881,3.38E-27,0.004789,0.047,0.065,2468.8201,0.65,-0.002,13,14
12CH4,1249.577,2.49E-23,0.003398,0.056,0.073,470.855,0.65,0,8,9
12CH4,1249.5856,5.66E-26,0.08223,0.041,0.068,2357.8606,0.65,-0.002,11,12
12CH4,1249.59196,3.61E-26,0.03503,0.051,0.068,2357.9048,0.65,-0.002,11,12
12CH4,1249.598,8.02E-27,0.007735,0.051,0.068,2356.8706,0.65,-0.002,11,12
12CH4,1249.6122,1.63E-27,0.3128,0.0485,0.059,3553.9937,0.63,-0.002,19,19
12CH4,1249.627,1.50E-20,2.037,0.0575,0.076,470.8053,0.9,-0.0029,8,9
12CH4,1249.64782,6.12E-23,4.102,0.058,0.075,1720.432,0.72,-0.002,7,8
12CH4,1249.706,1.13E-25,3.035,0.06,0.076,2924.5199,0.7,-0.002,6,7
12CH4,1249.71142,8.83E-26,0.09988,0.044,0.065,2556.0171,0.65,-0.002,15,15
12CH4,1249.715,1.64E-24,0.0002232,0.056,0.073,470.717,0.65,0,8,9
12CH4,1249.75625,3.74E-26,0.03627,0.051,0.068,2357.7405,0.65,-0.002,11,12
12CH4,1249.76006,2.77E-27,0.002564,0.041,0.067,2297.7979,0.65,-0.002,13,13
12CH4,1249.79141,8.76E-27,0.0008923,0.054,0.073,1875.6461,0.67,-0.002,10,10
12CH4,1249.809,1.16E-27,0.3329,0.028,0.059,3553.8755,0.63,-0.002,19,19
12CH4,1249.8169,2.22E-26,0.004802,0.058,0.074,2009.8906,0.67,-0.002,9,9
12CH4,1249.8236,4.78E-26,0.01034,0.058,0.074,2009.9767,0.67,-0.002,9,9
12CH4,1249.84391,1.54E-25,0.03682,0.058,0.074,2007.2007,0.67,-0.002,8,9
12CH4,1249.88429,3.71E-27,0.001199,0.052,0.074,2008.9305,0.67,-0.002,9,9
12CH4,1249.90456,1.88E-26,0.003812,0.054,0.07,2035.9758,0.65,-0.002,11,11
12CH4,1249.97384,9.07E-26,0.02183,0.058,0.074,2008.943,0.67,-0.002,8,9
12CH4,1249.97424,2.37E-23,1.906,0.052,0.075,1674.4866,0.72,-0.002,7,8
12CH4,1249.98029,1.61E-27,0.0005834,0.054,0.073,2115.709,0.67,-0.002,9,10
12CH4,1250.001,1.00E-20,2.047,0.0509,0.071,470.799,0.93,-0.0034,8,9
12CH4,1250.01619,4.08E-23,4.112,0.052,0.075,1720.8,0.72,-0.002,7,8
12CH4,1250.08206,1.87E-27,9.65E-05,0.064,0.078,1636.3953,0.73,-0.002,6,7
12CH4,1250.12911,3.54E-23,1.901,0.058,0.075,1674.3907,0.72,-0.002,7,8
12CH4,1250.13065,1.27E-23,0.3586,0.066,0.078,1436.8654,0.75,-0.002,4,5
12CH4,1250.1407,6.47E-27,0.0002918,0.058,0.078,1491.5029,0.75,-0.002,5,5
12CH4,1250.14942,1.59E-25,0.01178,0.058,0.074,1766.0465,0.67,-0.002,8,9
12CH4,1250.1662,7.03E-26,0.0682,0.051,0.068,2357.7405,0.65,-0.002,11,12
12CH4,1250.1972,7.20E-27,0.01048,0.041,0.068,2357.8606,0.65,-0.002,11,12
12CH4,1250.21316,7.55E-26,0.005582,0.058,0.074,1765.9297,0.67,-0.002,8,9
12CH4,1250.25537,9.37E-26,0.08967,0.047,0.065,2402.6394,0.65,-0.002,14,14
12CH4,1250.29432,4.72E-26,0.007379,0.058,0.075,1919.9879,0.72,-0.002,8,8
12CH4,1250.29459,1.91E-24,0.06766,0.066,0.079,1432.1805,0.8,-0.002,3,4
12CH4,1250.31515,8.40E-26,0.04555,0.045,0.073,2115.3064,0.67,-0.002,9,10
12CH4,1250.31869,2.22E-27,0.001001,0.051,0.067,2233.061,0.65,-0.002,13,13
12CH4,1250.32378,2.36E-26,0.02291,0.051,0.068,2357.6304,0.65,-0.002,11,12
12CH4,1250.353,1.02E-30,1.77E-05,0.042,0.056,3106.0159,0.57,-0.003,24,24
12CH4,1250.38837,5.42E-26,0.004616,0.058,0.074,1817.8431,0.67,-0.002,9,9
12CH4,1250.40807,3.45E-26,0.007379,0.058,0.074,2007.2007,0.67,-0.002,9,9
12CH4,1250.42762,6.50E-25,0.02968,0.058,0.075,1641.048,0.72,-0.002,7,8
12CH4,1250.429,4.96E-26,0.01164,0.052,0.075,1919.9862,0.72,-0.002,8,8
12CH4,1250.43072,5.96E-23,1.919,0.058,0.075,1674.217,0.72,-0.002,7,8
12CH4,1250.43126,1.14E-25,0.04112,0.054,0.073,2115.2581,0.67,-0.002,9,10
12CH4,1250.43536,2.58E-26,0.02502,0.051,0.068,2357.6304,0.65,-0.002,11,12
12CH4,1250.44161,5.15E-25,0.02612,0.058,0.074,1816.2179,0.67,-0.002,9,9
12CH4,1250.45515,2.48E-26,0.002121,0.058,0.074,1818.5219,0.67,-0.002,9,9
12CH4,1250.46933,4.57E-26,0.003672,0.054,0.073,1826.338,0.67,-0.002,10,10
12CH4,1250.50582,6.94E-27,0.008515,0.044,0.065,2558.9021,0.65,-0.002,14,15
12CH4,1250.52645,3.48E-26,0.005429,0.058,0.075,1919.7559,0.72,-0.002,8,8
12CH4,1250.54051,3.88E-27,0.0003152,0.054,0.073,1828.8892,0.67,-0.002,10,10
12CH4,1250.551,2.38E-25,3.851,0.06,0.076,2924.6478,0.7,-0.003,6,7
12CH4,1250.58004,4.78E-26,0.01022,0.058,0.074,2007.2073,0.67,-0.002,9,9
12CH4,1250.5939,9.21E-26,1.727,0.039,0.059,3180.71,0.63,-0.002,19,19
12CH4,1250.594,5.53E-26,1.727,0.0485,0.059,3180.71,0.63,-0.002,19,19
12CH4,1250.594,3.68E-26,1.727,0.028,0.059,3180.71,0.63,-0.002,19,19
12CH4,1250.60279,4.72E-24,0.5007,0.058,0.075,1919.6833,0.72,-0.002,7,8
12CH4,1250.6494,5.24E-27,0.005339,0.047,0.065,2400.8105,0.65,-0.002,13,14
12CH4,1250.65613,2.53E-27,0.003891,0.036,0.065,2402.105,0.65,-0.002,13,14
12CH4,1250.6596,3.48E-27,0.005048,0.041,0.068,2356.7866,0.65,-0.002,11,12
12CH4,1250.6662,1.63E-25,0.03534,0.053,0.073,2115.1497,0.67,-0.002,9,10
12CH4,1250.69,2.77E-25,0.03727,0.064,0.078,1834.2163,0.73,-0.002,6,7
12CH4,1250.71436,2.41E-25,0.08725,0.053,0.07,2240.9814,0.65,-0.002,10,11
12CH4,1250.72751,4.79E-26,0.02889,0.054,0.07,2240.9893,0.65,-0.002,10,11
12CH4,1250.73156,2.52E-24,0.1341,0.058,0.079,1432.524,0.8,-0.002,3,4
12CH4,1250.74791,1.13E-24,0.1992,0.058,0.075,1919.7257,0.72,-0.002,7,8
12CH4,1250.75552,3.94E-25,0.02172,0.058,0.075,1679.5629,0.72,-0.002,7,8
12CH4,1250.76,2.73E-24,1.703,0.045,0.057,2395.4775,0.58,0,21,21
12CH4,1250.76,2.73E-24,1.703,0.045,0.057,2395.4775,0.58,0,21,21
12CH4,1250.91404,2.30E-24,0.5501,0.058,0.074,2007.2073,0.67,-0.002,8,9
12CH4,1250.92239,4.82E-24,0.2202,0.058,0.075,1641.1646,0.72,-0.002,7,8
12CH4,1250.9224,3.41E-27,0.0002447,0.053,0.07,1926.8828,0.65,-0.002,11,10
12CH4,1250.92407,5.05E-26,0.001462,0.066,0.079,1390.2856,0.8,-0.002,3,4
12CH4,1250.92851,1.55E-27,0.0001533,0.066,0.078,1694.6317,0.75,-0.002,4,5
12CH4,1250.9287,2.38E-27,0.0001158,0.058,0.075,1679.5629,0.72,-0.002,8,8